contents,,,,,,,,,,,,,,,,,,,,,,,,,,,,,,,,,,,,,,,,,,
"Table 2 Deaths (numbers): area of usual residence, by age and sex, 2014 registrations,",,,,,,,,,,,,,,,,,,,,,,,,,,,,,,,,,,,,,,,,,,England and Wales
"England and Wales, England, regions, unitary authorities/counties/districts",,,,,,,,,,,,,,,,,,,,,,,,,,,,,,,,,,,,,,,,,,
,,,,,,,,,,,,,,,,,,,,,,,,,,,,,,,,,,,,,,,,,,
,Age group,,,,,,,,,,,,,,,,,,,,,,,,,,,,,,,,,,,,,,,,,
Area of usual residence,All Ages,,Under 1,, 1 ­ 4,,5­9,, 10-14,,15-19,,20-24,,25-29,,30-34,,35-39,,40-44,,45-49,,50-54,,55-59,,60-64,,65-69,,70-74,,75-79,,80-84,,85-89,,90 and over,
,Males,Females,Males,Females,Males,Females,Males,Females,Males,Females,Males,Females,Males,Females,Males,Females,Males,Females,Males,Females,Males,Females,Males,Females,Males,Females,Males,Females,Males,Females,Males,Females,Males,Females,Males,Females,Males,Females,Males,Females,Males,Females
,,,,,,,,,,,,,,,,,,,,,,,,,,,,,,,,,,,,,,,,,,
ENGLAND AND WALES1       ,"245,142","256,282","1,460","1,229",271,198,162,130,173,119,536,293,959,413,"1,196",558,"1,523",861,"2,017","1,198","3,282","2,125","5,108","3,286","7,076","4,856","9,689","6,501","14,289","9,677","21,901","14,938","26,311","19,268","34,589","27,917","41,831","41,029","40,126","50,909","32,643","70,777"
,,,,,,,,,,,,,,,,,,,,,,,,,,,,,,,,,,,,,,,,,,
ENGLAND                           ,"229,116","239,759","1,371","1,177",256,190,151,121,167,112,497,277,902,383,"1,103",525,"1,428",819,"1,898","1,144","3,059","1,997","4,784","3,088","6,635","4,513","9,042","6,014","13,276","8,988","20,326","13,889","24,440","17,918","32,202","26,074","39,236","38,381","37,630","47,699","30,713","66,450"
,,,,,,,,,,,,,,,,,,,,,,,,,,,,,,,,,,,,,,,,,,
WALES                             ,"15,341","16,098",78,45,8,5,5,5,3,5,28,15,44,25,70,25,75,37,100,49,203,114,285,178,391,319,589,450,939,639,"1,485",995,"1,797","1,298","2,319","1,800","2,539","2,607","2,468","3,181","1,915","4,306"
,,,,,,,,,,,,,,,,,,,,,,,,,,,,,,,,,,,,,,,,,,
NORTH EAST                        ,"13,234","13,654",67,52,12,7,5,5,5,5,23,17,68,17,81,24,95,63,127,78,207,117,289,190,403,280,574,422,860,585,"1,319",903,"1,435","1,121","1,965","1,632","2,277","2,325","1,998","2,658","1,424","3,153"
,,,,,,,,,,,,,,,,,,,,,,,,,,,,,,,,,,,,,,,,,,
County Durham     ,"2,615","2,733",10,13,3,0,0,2,0,1,6,3,19,3,18,5,21,6,24,20,35,20,62,42,70,47,109,88,167,129,271,209,308,241,388,341,461,454,394,526,249,583
Darlington                  ,546,541,4,0,1,0,0,1,0,0,1,1,3,0,3,2,2,5,3,2,6,5,8,9,18,10,30,17,29,25,55,35,50,41,88,57,80,74,87,110,78,147
Hartlepool                   ,486,486,3,4,0,0,0,0,0,0,1,1,2,0,2,1,2,0,9,1,8,3,10,7,14,10,17,21,38,27,48,32,50,27,66,77,96,85,65,91,55,99
Middlesbrough                   ,740,744,6,6,1,1,0,0,0,0,2,1,4,0,9,2,9,8,12,5,18,5,19,17,28,16,36,28,63,30,59,41,75,71,104,100,124,104,106,139,65,170
Northumberland                  ,"1,675","1,741",5,7,1,0,1,0,0,0,2,2,9,2,7,1,9,7,12,7,26,20,26,20,40,26,63,47,86,81,158,123,178,135,263,186,280,313,275,326,234,438
Redcar and Cleveland            ,708,721,3,0,0,0,1,0,0,0,2,3,5,1,6,3,3,4,8,7,7,6,11,10,14,17,27,23,47,34,96,51,86,61,86,79,128,142,107,128,71,152
Stockton-on-Tees                ,872,908,5,7,1,1,0,1,0,1,1,2,1,1,2,2,6,11,9,6,21,8,28,14,30,27,41,27,59,31,90,59,92,71,140,93,138,169,119,170,89,207
,,,,,,,,,,,,,,,,,,,,,,,,,,,,,,,,,,,,,,,,,,
Tyne and Wear (Met county)        ,"5,592","5,780",31,15,5,5,3,1,5,3,8,4,25,10,34,8,43,22,50,30,86,50,125,71,189,127,251,171,371,228,542,353,596,474,830,699,970,984,845,"1,168",583,"1,357"
Gateshead                         ,"1,046","1,066",5,5,0,0,2,0,0,0,2,2,4,3,4,1,7,6,10,1,13,11,22,13,38,21,51,37,62,49,100,71,105,86,164,139,189,180,175,195,93,246
Newcastle upon Tyne               ,"1,288","1,245",6,3,2,2,0,0,3,1,3,0,11,4,10,6,12,2,17,14,29,10,30,13,42,24,68,27,88,33,120,73,131,103,171,148,214,198,201,260,130,324
North Tyneside                    ,"1,060","1,111",9,1,1,2,1,1,0,0,2,1,5,2,4,0,5,2,5,2,8,5,21,15,32,19,39,28,65,35,113,64,127,86,158,106,172,201,164,243,129,298
South Tyneside                    ,764,865,2,4,0,0,0,0,1,1,1,1,2,0,4,0,7,6,10,4,18,7,15,9,29,24,32,26,55,42,78,48,83,66,113,102,126,139,98,193,90,193
Sunderland                        ,"1,434","1,493",9,2,2,1,0,0,1,1,0,0,3,1,12,1,12,6,8,9,18,17,37,21,48,39,61,53,101,69,131,97,150,133,224,204,269,266,207,277,141,296
,,,,,,,,,,,,,,,,,,,,,,,,,,,,,,,,,,,,,,,,,,
NORTH WEST                        ,"33,492","34,826",199,173,32,26,13,18,26,24,80,37,127,38,153,75,207,119,322,181,513,341,831,475,"1,110",703,"1,465","1,000","2,128","1,427","3,140","2,239","3,863","2,874","4,998","4,189","5,570","5,838","4,953","6,601","3,762","8,448"
,,,,,,,,,,,,,,,,,,,,,,,,,,,,,,,,,,,,,,,,,,
Blackburn with Darwen           ,626,608,12,7,2,1,1,0,0,0,2,0,1,0,2,3,9,2,8,7,13,8,15,9,34,12,35,17,47,25,52,27,75,56,94,72,90,96,77,101,57,165
Blackpool                       ,871,911,2,6,1,4,1,1,0,0,0,2,6,0,7,1,9,4,15,8,17,10,30,7,29,15,44,32,51,40,66,61,103,68,138,103,154,156,110,172,88,221
Cheshire East                   ,"1,740","1,847",11,8,3,1,0,0,2,1,8,1,3,4,4,2,7,6,10,9,24,14,35,28,50,29,62,39,86,57,162,114,196,132,251,222,295,279,278,366,253,535
Cheshire West and Chester       ,"1,532","1,695",8,7,1,1,0,0,1,0,4,1,7,1,9,2,5,7,14,11,13,18,25,11,47,30,67,38,80,52,119,84,169,153,234,187,274,289,251,355,204,448
Halton                          ,592,592,3,0,1,0,0,1,0,1,1,0,0,1,1,1,8,2,7,5,9,4,16,9,18,18,35,16,48,34,51,38,77,70,91,67,101,83,86,119,39,123
Warrington                      ,912,972,4,7,1,0,0,0,0,0,2,0,3,1,4,2,7,4,10,4,13,11,19,13,31,20,33,32,47,42,73,60,117,79,147,117,161,154,142,194,98,232
,,,,,,,,,,,,,,,,,,,,,,,,,,,,,,,,,,,,,,,,,,
Cumbria                           ,"2,651","2,676",12,9,1,2,0,1,2,1,6,3,12,2,10,8,21,7,27,8,37,14,50,31,63,42,93,74,152,81,237,167,282,209,396,333,474,443,432,545,344,696
Allerdale                         ,528,572,4,1,0,1,0,0,1,0,2,2,2,0,1,2,5,0,10,1,5,2,9,7,12,8,27,17,37,16,40,36,46,39,73,72,97,114,92,116,65,138
Barrow-in-Furness                 ,385,370,3,2,0,1,0,0,0,0,1,0,3,2,1,1,3,1,3,2,11,4,10,5,14,7,7,14,24,10,38,28,60,34,58,45,69,60,44,63,36,91
Carlisle                          ,546,525,2,1,0,0,0,0,0,0,1,0,1,0,2,3,7,3,6,2,9,1,11,4,16,7,17,19,23,19,54,38,55,39,63,68,96,83,104,106,79,132
Copeland                          ,371,371,1,1,0,0,0,0,0,1,1,0,2,0,2,1,3,1,1,0,5,2,8,8,7,8,12,10,19,12,32,27,44,29,75,55,77,62,51,77,31,77
Eden                              ,245,240,0,1,1,0,0,0,1,0,0,0,2,0,3,0,2,1,1,3,4,1,5,4,2,3,8,6,11,5,29,11,23,19,37,40,41,38,41,47,34,61
South Lakeland                    ,576,598,2,3,0,0,0,1,0,0,1,1,2,0,1,1,1,1,6,0,3,4,7,3,12,9,22,8,38,19,44,27,54,49,90,53,94,86,100,136,99,197
,,,,,,,,,,,,,,,,,,,,,,,,,,,,,,,,,,,,,,,,,,
Greater Manchester (Met county)   ,"11,772","12,048",89,75,12,8,5,11,12,11,32,11,56,17,54,30,77,44,109,80,195,128,339,181,398,271,559,355,821,524,"1,140",839,"1,374","1,023","1,746","1,527","1,912","2,032","1,630","2,100","1,212","2,781"
Bolton                            ,"1,180","1,289",6,7,0,1,1,1,1,1,2,1,5,2,5,5,8,6,10,7,17,16,26,21,43,22,51,36,64,66,128,90,148,110,194,159,197,192,160,254,114,292
Bury                              ,881,867,6,5,1,0,1,1,1,0,1,0,11,0,3,0,5,2,8,12,21,9,22,15,21,26,36,20,64,30,88,48,103,65,112,104,144,141,129,169,104,220
Manchester                        ,"1,826","1,753",23,24,2,0,0,3,0,4,5,4,10,4,11,9,15,10,22,13,46,26,69,25,70,50,105,69,124,95,187,134,220,148,251,216,294,299,216,264,156,356
Oldham                            ,"1,061","1,155",9,12,1,3,1,1,2,1,6,1,6,0,6,2,8,4,11,9,8,11,34,18,41,27,61,32,82,54,96,90,121,109,170,139,154,190,139,181,105,271
Rochdale                          ,"1,000",992,6,7,2,0,1,1,3,0,4,1,4,2,5,2,6,6,9,10,12,17,40,14,37,32,58,34,67,42,93,71,118,88,153,128,156,171,128,155,98,211
Salford                           ,"1,071","1,075",10,5,2,0,0,0,2,0,2,0,5,3,4,4,10,6,14,7,16,5,26,19,37,25,49,30,89,45,101,72,118,105,162,142,157,154,149,207,118,246
Stockport                         ,"1,272","1,411",10,4,1,0,0,1,0,0,2,2,3,0,3,2,4,3,8,7,17,6,34,18,36,24,43,34,85,56,113,73,142,103,165,155,235,246,218,295,153,382
Tameside                          ,"1,039","1,081",6,4,0,0,0,1,0,1,2,0,3,1,7,1,6,6,9,3,16,14,24,16,42,26,45,31,78,39,117,91,120,82,141,144,179,199,134,176,110,246
Trafford                          ,930,983,6,5,3,3,0,1,1,0,5,1,3,1,2,2,6,1,6,5,10,9,16,16,22,17,39,18,61,40,65,53,89,70,138,125,159,177,163,166,136,273
Wigan                             ,"1,512","1,442",7,2,0,1,1,1,2,4,3,1,6,4,8,3,9,0,12,7,32,15,48,19,49,22,72,51,107,57,152,117,195,143,260,215,237,263,194,233,118,284
,,,,,,,,,,,,,,,,,,,,,,,,,,,,,,,,,,,,,,,,,,
Lancashire                        ,"5,888","6,116",30,21,6,7,6,3,4,6,11,13,19,6,23,13,29,16,45,26,84,44,119,77,170,112,206,155,348,242,582,375,689,486,867,679,943,"1,027",973,"1,193",734,"1,615"
Burnley                           ,418,493,3,2,2,1,0,1,0,0,2,1,1,2,0,1,4,1,4,4,7,7,11,3,14,11,16,15,21,30,51,32,48,37,76,69,52,76,63,88,43,112
Chorley                           ,524,520,6,3,0,0,0,0,0,0,4,1,0,0,1,1,2,1,5,2,6,3,17,13,22,9,17,13,31,21,52,36,72,52,72,45,76,85,79,101,62,134
Fylde                             ,487,532,0,0,0,0,0,0,0,1,0,0,0,0,2,0,0,0,1,1,7,6,9,5,11,5,11,10,28,8,39,24,54,31,69,49,78,109,96,103,82,180
Hyndburn                          ,410,402,4,3,0,2,0,0,1,1,0,2,2,0,1,0,1,3,5,0,13,2,13,9,10,8,18,15,29,13,46,19,50,36,53,40,52,79,64,87,48,83
Lancaster                         ,696,785,1,2,0,1,1,0,1,1,0,0,3,2,1,1,6,2,7,3,9,2,17,9,21,11,31,17,42,31,64,50,67,59,95,98,129,129,107,160,94,207
Pendle                            ,439,434,4,3,0,2,0,1,1,2,1,2,5,1,2,2,2,1,3,2,7,2,9,5,20,8,14,14,29,20,46,33,52,29,56,41,75,65,67,84,46,117
Preston                           ,618,587,3,1,0,0,1,0,0,0,1,1,1,1,6,5,6,2,6,6,12,6,16,6,24,18,27,11,42,16,64,40,67,50,102,66,82,105,84,108,74,145
Ribble Valley                     ,280,328,0,3,1,0,0,0,0,0,0,1,1,0,1,2,0,2,0,0,4,2,1,3,14,4,7,10,13,12,23,15,26,20,44,25,46,53,56,67,43,109
Rossendale                        ,341,309,4,1,1,0,1,1,1,0,0,1,0,0,5,0,1,2,7,1,2,1,6,4,9,3,14,5,23,12,53,24,34,23,44,28,48,51,52,64,36,88
South Ribble                      ,465,474,4,2,1,0,1,0,0,1,1,0,3,0,1,1,3,0,3,4,1,5,6,6,7,7,22,11,24,23,40,33,57,54,70,52,85,69,80,86,56,120
West Lancashire                   ,514,561,1,1,1,1,1,0,0,0,1,2,1,0,2,0,3,1,0,2,7,4,6,5,10,15,13,15,26,24,50,34,69,41,73,79,102,91,94,118,54,128
Wyre                              ,696,691,0,0,0,0,1,0,0,0,1,2,2,0,1,0,1,1,4,1,9,4,8,9,8,13,16,19,40,32,54,35,93,54,113,87,118,115,131,127,96,192
,,,,,,,,,,,,,,,,,,,,,,,,,,,,,,,,,,,,,,,,,,
Merseyside (Met county)           ,"6,908","7,361",28,33,4,2,0,1,5,4,14,6,20,6,39,13,35,27,77,23,108,90,183,109,270,154,331,242,448,330,658,474,781,598,"1,034",882,"1,166","1,279",974,"1,456",733,"1,632"
Knowsley                          ,714,778,2,2,0,1,0,0,1,1,1,1,2,1,3,2,4,2,5,3,10,9,24,12,31,15,30,31,60,38,68,55,80,70,92,93,144,162,100,153,57,127
Liverpool                         ,"2,092","2,108",13,20,4,1,0,0,1,1,3,3,7,3,14,4,12,7,26,7,37,35,62,37,101,55,113,84,135,109,205,140,255,177,328,284,327,342,265,391,184,408
Sefton                            ,"1,499","1,693",5,5,0,0,0,0,2,0,6,1,6,0,9,0,8,4,16,4,18,11,38,22,46,28,66,44,88,58,138,106,160,135,231,197,252,307,228,341,182,430
St Helens                         ,910,927,3,3,0,0,0,1,0,1,2,0,1,1,4,3,4,2,10,2,18,15,20,13,37,27,49,30,61,49,95,56,112,83,138,117,157,163,112,176,87,185
Wirral                            ,"1,693","1,855",5,3,0,0,0,0,1,1,2,1,4,1,9,4,7,12,20,7,25,20,39,25,55,29,73,53,104,76,152,117,174,133,245,191,286,305,269,395,223,482
,,,,,,,,,,,,,,,,,,,,,,,,,,,,,,,,,,,,,,,,,,
YORKSHIRE AND THE HUMBER          ,"23,960","25,308",144,114,27,21,18,14,17,7,45,25,85,42,112,61,155,80,229,117,317,212,510,318,674,459,990,651,"1,484",972,"2,271","1,550","2,701","1,962","3,514","2,993","3,956","4,145","3,804","5,044","2,907","6,521"
,,,,,,,,,,,,,,,,,,,,,,,,,,,,,,,,,,,,,,,,,,
East Riding of Yorkshire        ,"1,749","1,842",2,3,0,0,0,0,1,0,2,1,6,1,9,2,5,7,13,3,16,6,30,21,31,23,53,41,80,67,175,124,209,148,251,219,311,309,296,358,259,509
Kingston upon Hull‚ City of     ,"1,229","1,247",7,7,2,1,2,1,2,0,3,1,4,2,5,1,10,4,17,6,18,17,30,16,42,27,53,41,100,60,140,92,138,98,188,161,184,218,155,228,129,266
North East Lincolnshire         ,784,786,4,1,0,1,0,1,0,0,1,0,0,2,2,2,4,5,7,2,13,4,21,7,20,14,34,14,57,41,79,50,89,83,115,85,128,123,120,150,90,201
North Lincolnshire              ,801,853,2,3,0,1,0,0,1,0,1,3,5,0,5,1,2,1,8,2,9,7,19,9,23,23,30,23,51,34,80,63,106,77,103,97,129,135,131,164,96,210
York                            ,809,962,2,2,1,0,1,0,0,0,3,1,4,2,4,4,5,4,5,2,9,5,11,13,16,16,23,24,38,30,78,45,73,56,103,133,161,154,148,204,124,267
,,,,,,,,,,,,,,,,,,,,,,,,,,,,,,,,,,,,,,,,,,
North Yorkshire                   ,"2,936","3,143",12,8,1,3,1,2,2,0,5,1,6,5,7,5,14,6,16,9,27,17,36,38,67,53,98,60,147,96,220,150,331,213,449,328,504,512,546,658,447,979
Craven                            ,289,317,0,0,0,0,0,0,0,0,0,0,1,0,1,2,2,1,1,1,3,2,7,5,7,8,11,7,12,7,26,15,26,15,33,40,55,43,58,70,46,101
Hambleton                         ,451,412,1,1,0,0,0,0,0,0,0,0,0,0,1,0,0,0,1,2,4,1,4,8,6,10,20,5,13,15,28,21,58,30,85,50,79,72,84,80,67,117
Harrogate                         ,696,905,4,2,1,1,1,2,0,0,0,1,0,2,0,1,2,1,3,3,10,3,7,7,13,7,24,19,41,22,47,39,71,61,93,77,114,155,146,199,119,303
Richmondshire                     ,215,231,0,0,0,0,0,0,0,0,0,0,2,1,2,0,1,1,1,0,3,1,1,1,8,3,6,5,10,9,15,15,27,15,30,26,39,41,38,48,32,65
Ryedale                           ,268,244,2,1,0,1,0,0,0,0,1,0,2,1,2,0,1,1,1,1,1,0,7,5,4,3,4,6,17,14,20,17,26,15,43,19,45,43,56,42,36,75
Scarborough                       ,655,668,4,2,0,0,0,0,2,0,3,0,0,1,1,2,4,1,7,2,5,6,6,8,19,13,22,13,27,14,53,26,78,46,107,75,112,104,107,135,98,220
Selby                             ,362,366,1,2,0,1,0,0,0,0,1,0,1,0,0,0,4,1,2,0,1,4,4,4,10,9,11,5,27,15,31,17,45,31,58,41,60,54,57,84,49,98
,,,,,,,,,,,,,,,,,,,,,,,,,,,,,,,,,,,,,,,,,,
South Yorkshire (Met county)      ,"6,164","6,520",40,29,5,4,5,4,8,7,12,9,18,10,28,14,40,21,68,31,88,66,149,85,186,105,278,166,360,243,588,394,698,518,887,800,"1,016","1,116",988,"1,303",702,"1,595"
Barnsley                          ,"1,110","1,195",8,4,2,0,0,1,2,0,2,3,3,0,3,3,4,0,9,5,17,18,31,21,27,22,49,25,68,51,106,69,152,106,155,145,195,204,174,243,103,275
Doncaster                         ,"1,498","1,516",8,6,3,3,1,1,2,0,3,3,5,4,9,3,12,7,17,4,28,13,28,17,44,29,80,46,83,59,170,109,153,146,199,183,246,268,247,311,160,304
Rotherham                         ,"1,229","1,368",7,5,0,0,1,0,3,0,3,2,3,1,8,4,8,7,15,10,13,17,25,18,43,22,58,42,72,59,120,88,155,99,203,167,197,259,172,248,123,320
Sheffield                         ,"2,327","2,441",17,14,0,1,3,2,1,7,4,1,7,5,8,4,16,7,27,12,30,18,65,29,72,32,91,53,137,74,192,128,238,167,330,305,378,385,395,501,316,696
,,,,,,,,,,,,,,,,,,,,,,,,,,,,,,,,,,,,,,,,,,
West Yorkshire (Met county)       ,"9,488","9,955",75,61,18,11,9,6,3,0,18,9,42,20,52,32,75,32,95,62,137,90,214,129,289,198,421,282,651,401,911,632,"1,057",769,"1,418","1,170","1,523","1,578","1,420","1,979","1,060","2,494"
Bradford                          ,"2,149","2,267",26,26,8,8,3,2,1,0,6,3,10,4,9,10,24,7,38,17,36,24,34,42,67,48,110,53,163,84,192,124,239,181,312,250,329,375,320,461,222,548
Calderdale                        ,904,964,8,1,0,0,0,1,0,0,1,0,4,3,1,3,10,3,11,7,14,7,24,11,35,16,39,40,59,51,94,64,101,69,128,119,135,129,134,192,106,248
Kirklees                          ,"1,744","1,941",10,13,5,2,4,0,1,0,1,2,13,5,9,5,7,7,13,12,19,13,42,22,52,47,66,59,111,74,160,128,205,149,263,232,286,286,268,369,209,516
Leeds                             ,"3,121","3,196",23,16,4,0,2,2,1,0,6,2,10,6,16,7,31,13,27,19,43,27,83,38,89,49,142,77,203,126,282,200,324,246,484,383,516,532,480,629,355,824
Wakefield                         ,"1,570","1,587",8,5,1,1,0,1,0,0,4,2,5,2,17,7,3,2,6,7,25,19,31,16,46,38,64,53,115,66,183,116,188,124,231,186,257,256,218,328,168,358
,,,,,,,,,,,,,,,,,,,,,,,,,,,,,,,,,,,,,,,,,,
EAST MIDLANDS                     ,"20,742","21,197",118,113,31,15,18,11,22,11,53,18,78,27,81,44,114,59,165,105,238,176,385,304,589,391,793,513,"1,155",810,"1,868","1,266","2,293","1,618","2,894","2,285","3,657","3,445","3,501","4,204","2,689","5,782"
,,,,,,,,,,,,,,,,,,,,,,,,,,,,,,,,,,,,,,,,,,
Derby                           ,"1,117","1,042",12,7,3,1,0,0,1,1,2,0,3,0,2,2,8,3,9,9,17,13,31,17,32,21,47,31,62,45,94,46,118,80,150,122,201,185,182,199,143,260
Leicester                       ,"1,239","1,219",6,11,2,0,3,0,3,1,1,0,4,4,9,4,5,6,17,8,18,13,25,22,47,36,70,43,76,49,121,84,126,79,173,127,185,196,206,235,142,301
Nottingham                      ,"1,152","1,147",17,19,0,1,2,1,3,2,4,1,5,3,8,1,12,5,15,10,22,8,28,23,46,21,64,40,73,41,106,66,104,91,167,131,188,190,174,206,114,287
Rutland                         ,168,172,1,2,1,0,0,0,0,0,0,0,0,0,1,0,0,1,2,0,3,1,1,4,3,2,3,2,5,6,9,7,16,18,19,18,38,22,36,33,30,56
,,,,,,,,,,,,,,,,,,,,,,,,,,,,,,,,,,,,,,,,,,
Derbyshire                        ,"3,830","3,981",12,17,4,1,3,3,4,0,14,2,20,3,10,13,15,14,29,14,33,27,77,50,112,71,130,99,227,155,353,247,443,297,537,394,677,667,642,804,488,"1,103"
Amber Valley                      ,596,659,1,6,0,0,0,1,0,0,3,0,3,1,0,2,4,1,1,2,8,0,11,7,24,12,14,19,31,31,71,36,77,43,88,75,93,95,87,136,80,192
Bolsover                          ,448,426,5,2,0,0,0,1,0,0,0,1,3,0,4,2,1,1,5,2,5,2,8,9,12,5,13,11,27,13,39,33,52,37,66,49,83,71,77,78,48,109
Chesterfield                      ,530,579,1,2,2,0,0,0,0,0,3,0,4,0,0,3,1,6,4,5,11,4,12,7,16,10,25,14,25,16,43,37,67,46,77,60,84,93,78,126,77,150
Derbyshire Dales                  ,377,398,0,1,0,0,0,0,0,0,1,0,0,0,0,0,1,0,1,0,0,1,5,3,8,7,5,8,25,16,27,18,41,28,53,36,71,69,81,88,58,123
Erewash                           ,531,583,1,0,0,1,0,0,2,0,1,0,0,1,1,1,2,2,5,2,2,6,11,3,13,12,14,16,30,22,57,48,57,48,82,51,109,118,80,112,64,140
High Peak                         ,405,409,1,2,0,0,0,0,1,0,5,1,2,1,3,2,4,2,10,0,3,6,7,9,9,7,19,10,31,15,34,25,46,28,60,42,59,66,71,76,40,117
North East Derbyshire             ,513,539,2,2,0,0,2,1,1,0,1,0,2,0,2,2,0,2,1,2,1,6,11,6,14,12,19,17,33,28,43,29,52,40,62,42,98,100,99,102,70,148
South Derbyshire                  ,430,388,1,2,2,0,1,0,0,0,0,0,6,0,0,1,2,0,2,1,3,2,12,6,16,6,21,4,25,14,39,21,51,27,49,39,80,55,69,86,51,124
,,,,,,,,,,,,,,,,,,,,,,,,,,,,,,,,,,,,,,,,,,
Leicestershire                    ,"2,841","2,914",9,16,8,3,1,0,3,1,6,3,3,4,12,3,8,5,16,14,33,24,38,38,85,50,92,70,133,105,234,165,311,205,420,303,513,480,528,595,388,830
Blaby                             ,392,393,1,5,1,0,0,0,0,0,1,0,1,1,1,2,1,0,2,2,5,5,8,5,12,7,8,10,21,13,39,25,48,27,54,33,73,65,65,86,51,107
Charnwood                         ,665,732,2,8,2,1,1,0,1,0,1,0,0,2,6,1,3,2,6,4,5,6,10,11,18,12,23,17,36,18,58,46,60,43,106,83,106,118,128,141,93,219
Harborough                        ,396,399,1,1,0,1,0,0,0,1,1,0,0,0,1,0,2,0,2,3,6,2,3,2,10,7,11,11,15,15,26,24,44,30,53,46,78,58,81,86,62,112
Hinckley and Bosworth             ,474,439,1,0,3,0,0,0,1,0,0,1,1,1,3,0,1,0,2,2,8,1,3,7,19,13,13,8,23,22,43,26,65,29,72,41,83,70,79,77,54,141
Melton                            ,224,221,0,1,0,0,0,0,0,0,1,0,0,0,1,0,0,1,1,0,0,3,3,2,4,3,11,7,7,7,23,5,25,8,36,22,36,43,39,52,37,67
North West Leicestershire         ,416,441,4,1,1,1,0,0,0,0,0,2,1,0,0,0,1,0,2,3,7,4,6,9,12,5,14,9,23,14,28,29,42,42,62,46,82,79,82,92,49,105
Oadby and Wigston                 ,274,289,0,0,1,0,0,0,1,0,2,0,0,0,0,0,0,2,1,0,2,3,5,2,10,3,12,8,8,16,17,10,27,26,37,32,55,47,54,61,42,79
,,,,,,,,,,,,,,,,,,,,,,,,,,,,,,,,,,,,,,,,,,
Lincolnshire                      ,"3,668","3,788",12,9,2,2,3,4,3,3,10,6,14,7,7,3,14,5,20,20,30,22,49,38,82,61,113,75,185,148,331,237,451,321,527,436,692,618,619,750,504,"1,023"
Boston                            ,334,352,4,1,0,0,0,0,0,0,1,0,4,0,1,1,0,1,3,4,5,2,8,5,6,6,9,2,20,16,28,26,37,39,41,37,64,55,57,72,46,85
East Lindsey                      ,866,913,1,0,1,0,0,1,0,0,2,1,0,5,0,0,3,0,6,2,7,5,7,8,19,18,18,19,43,34,89,67,118,85,129,125,160,151,145,167,118,225
Lincoln                           ,392,414,0,0,0,0,0,0,0,0,2,1,5,1,2,0,3,1,0,8,5,4,5,2,6,11,14,10,25,26,38,23,36,25,59,45,68,55,63,70,61,132
North Kesteven                    ,473,520,3,3,1,0,0,1,0,2,1,0,0,0,0,1,0,0,1,2,3,1,5,7,9,6,13,13,24,16,46,26,64,47,75,56,89,84,82,118,57,137
South Holland                     ,540,521,1,2,0,0,0,1,0,1,1,1,1,0,2,0,2,2,5,1,3,2,10,7,13,3,10,9,23,20,43,23,58,40,82,59,106,101,94,110,86,139
South Kesteven                    ,626,655,2,2,0,2,2,0,2,0,2,2,2,0,2,1,3,1,2,3,2,5,8,5,15,10,33,17,30,21,53,41,78,56,75,65,109,105,113,127,93,192
West Lindsey                      ,437,413,1,1,0,0,1,1,1,0,1,1,2,1,0,0,3,0,3,0,5,3,6,4,14,7,16,5,20,15,34,31,60,29,66,49,96,67,65,86,43,113
,,,,,,,,,,,,,,,,,,,,,,,,,,,,,,,,,,,,,,,,,,
Northamptonshire                  ,"2,913","2,961",25,14,6,5,4,1,2,1,7,5,16,1,12,8,35,10,29,12,37,31,58,45,91,65,125,65,166,114,265,177,322,225,362,295,477,447,467,578,407,862
Corby                             ,287,250,2,1,0,0,0,0,0,0,0,0,4,0,0,3,8,1,6,5,4,5,12,3,10,4,23,10,22,9,24,13,38,27,39,23,30,54,39,51,26,41
Daventry                          ,329,345,0,2,0,0,0,0,0,0,2,0,0,0,0,0,2,1,3,3,4,8,4,3,13,8,10,5,16,16,22,24,47,24,48,40,68,44,51,64,39,103
East Northamptonshire             ,394,424,3,2,1,0,1,0,0,0,0,0,3,0,1,1,3,0,2,0,8,3,4,6,11,5,15,8,18,16,38,20,38,28,43,42,58,62,74,95,73,136
Kettering                         ,408,420,2,1,1,0,0,0,1,0,0,1,1,0,2,1,5,0,4,1,4,2,9,6,9,7,10,8,19,15,40,27,46,31,61,42,67,65,64,95,63,118
Northampton                       ,836,852,9,5,1,4,2,0,1,1,4,2,6,0,5,0,11,5,10,3,10,5,23,12,27,25,44,17,59,34,84,48,93,61,80,79,131,119,124,159,112,273
South Northamptonshire            ,339,342,3,3,2,0,0,0,0,0,0,1,1,0,4,0,4,3,2,0,1,5,2,7,10,8,11,7,13,14,30,19,31,27,44,31,70,52,51,62,60,103
Wellingborough                    ,320,328,6,0,1,1,1,1,0,0,1,1,1,1,0,3,2,0,2,0,6,3,4,8,11,8,12,10,19,10,27,26,29,27,47,38,53,51,64,52,34,88
,,,,,,,,,,,,,,,,,,,,,,,,,,,,,,,,,,,,,,,,,,
Nottinghamshire                   ,"3,814","3,973",24,18,5,2,2,2,3,2,9,1,13,5,20,10,17,10,28,18,45,37,78,67,91,64,149,88,228,147,355,237,402,302,539,459,686,640,647,804,473,"1,060"
Ashfield                          ,621,600,4,6,0,0,0,0,1,0,0,0,4,1,3,1,1,3,4,3,8,7,11,11,18,14,25,16,44,21,68,39,72,43,80,74,113,91,104,115,61,155
Bassetlaw                         ,584,597,3,2,0,1,0,1,0,2,2,0,3,1,4,0,3,1,5,4,10,5,12,11,16,11,23,15,26,25,61,43,66,50,71,72,121,98,85,112,73,143
Broxtowe                          ,513,550,3,2,1,0,0,0,0,0,0,0,0,1,7,1,5,0,4,3,5,5,5,5,12,7,13,18,28,23,38,29,51,33,79,58,99,81,85,116,78,168
Gedling                           ,558,563,4,1,0,0,1,0,0,0,3,0,2,1,0,5,3,2,5,0,4,4,14,9,9,11,20,10,31,28,54,32,60,39,91,56,93,90,101,121,63,154
Mansfield                         ,523,524,6,4,2,1,1,0,1,0,1,0,2,0,1,1,2,2,4,4,10,8,13,10,14,7,23,7,35,10,58,32,46,49,84,70,69,96,93,106,58,117
Newark and Sherwood               ,542,649,4,2,0,0,0,1,1,0,3,0,1,1,4,2,2,0,1,3,5,4,15,12,11,10,25,10,42,22,38,39,56,53,68,74,103,106,86,137,77,173
Rushcliffe                        ,473,490,0,1,2,0,0,0,0,0,0,1,1,0,1,0,1,2,5,1,3,4,8,9,11,4,20,12,22,18,38,23,51,35,66,55,88,78,93,97,63,150
,,,,,,,,,,,,,,,,,,,,,,,,,,,,,,,,,,,,,,,,,,
WEST MIDLANDS                     ,"25,557","26,147",209,179,31,25,19,10,24,9,63,28,108,41,148,68,166,97,212,127,389,196,535,344,752,513,"1,012",663,"1,582","1,040","2,224","1,579","2,849","2,025","3,613","2,871","4,356","4,129","4,190","5,205","3,075","6,998"
,,,,,,,,,,,,,,,,,,,,,,,,,,,,,,,,,,,,,,,,,,
Herefordshire‚ County of        ,911,"1,009",6,3,1,1,0,0,0,0,3,0,1,0,1,4,3,2,4,2,6,5,9,11,22,19,33,22,46,23,97,61,80,65,125,98,152,169,190,203,132,321
Shropshire                      ,"1,466","1,573",4,6,2,1,1,1,1,0,3,1,4,1,7,2,12,4,9,6,13,7,20,22,33,25,42,38,78,63,100,95,166,119,202,168,288,246,267,314,214,454
Stoke-on-Trent                  ,"1,221","1,147",15,11,0,1,0,0,1,1,2,1,3,3,9,3,8,1,10,10,20,11,31,21,39,19,54,35,84,35,118,76,144,108,173,120,219,201,170,242,121,248
Telford and Wrekin              ,662,634,2,9,2,1,0,0,1,0,0,0,2,0,1,0,8,1,8,3,13,2,10,10,25,20,30,22,57,25,64,53,83,57,90,74,100,104,98,100,68,153
,,,,,,,,,,,,,,,,,,,,,,,,,,,,,,,,,,,,,,,,,,
Staffordshire                     ,"3,970","4,259",21,13,0,2,2,0,3,1,10,4,15,5,21,7,21,11,29,15,44,22,62,43,94,65,161,92,228,182,341,246,468,332,595,490,711,700,691,839,453,"1,190"
Cannock Chase                     ,432,450,7,0,0,0,0,0,2,0,0,0,0,1,3,1,3,0,5,2,9,3,11,5,9,5,19,10,20,21,39,33,57,37,63,53,71,70,72,88,42,121
East Staffordshire                ,526,544,4,3,0,0,0,0,0,0,2,0,2,0,3,0,2,1,5,1,9,3,7,7,15,13,24,13,18,35,36,36,60,33,86,78,100,78,95,103,58,140
Lichfield                         ,487,539,2,3,0,0,0,0,0,0,1,0,2,0,3,0,3,1,1,3,2,1,4,5,14,7,17,9,24,24,46,26,67,50,79,66,93,88,82,116,47,140
Newcastle-under-Lyme              ,567,618,3,2,0,0,1,0,0,1,2,1,1,1,3,1,6,3,7,3,5,0,9,6,13,7,18,17,48,18,57,38,68,63,73,59,86,109,108,114,59,175
South Staffordshire               ,523,561,1,2,0,0,1,0,0,0,0,0,2,0,4,1,0,2,0,2,3,3,7,7,13,7,14,17,24,25,39,29,58,32,88,64,104,84,97,125,68,161
Stafford                          ,649,677,0,1,0,1,0,0,0,0,1,0,6,2,2,3,3,1,9,1,8,7,13,6,12,12,34,11,42,19,50,24,61,48,96,76,119,117,101,134,92,214
Staffordshire Moorlands           ,470,554,1,1,0,0,0,0,0,0,0,1,2,0,2,1,3,3,2,1,5,4,4,4,8,9,19,8,23,22,38,38,61,35,68,60,87,102,86,104,61,161
Tamworth                          ,316,316,3,1,0,1,0,0,1,0,4,2,0,1,1,0,1,0,0,2,3,1,7,3,10,5,16,7,29,18,36,22,36,34,42,34,51,52,50,55,26,78
,,,,,,,,,,,,,,,,,,,,,,,,,,,,,,,,,,,,,,,,,,
Warwickshire                      ,"2,458","2,607",11,17,0,1,2,0,2,0,8,1,7,4,14,5,15,4,12,10,25,15,41,25,66,54,98,47,145,86,241,154,284,189,305,285,419,419,429,521,334,770
North Warwickshire                ,298,317,2,3,0,0,0,0,0,0,1,0,0,0,2,1,0,1,1,2,5,3,4,1,8,8,18,11,14,12,32,18,32,20,38,35,51,57,52,65,38,80
Nuneaton and Bedworth             ,581,572,3,3,0,0,2,0,1,0,2,1,3,0,6,2,3,0,3,0,7,5,9,6,13,12,19,11,38,13,71,34,74,45,75,74,103,100,89,125,60,141
Rugby                             ,431,453,2,4,0,1,0,0,0,0,5,0,1,0,1,0,4,2,3,2,1,0,9,5,13,10,15,5,22,17,37,25,52,39,62,51,72,82,67,70,65,140
Stratford-on-Avon                 ,618,684,3,4,0,0,0,0,0,0,0,0,0,2,3,0,4,0,3,4,3,3,11,7,16,16,22,10,40,22,52,43,74,37,71,81,100,101,118,132,98,222
Warwick                           ,530,581,1,3,0,0,0,0,1,0,0,0,3,2,2,2,4,1,2,2,9,4,8,6,16,8,24,10,31,22,49,34,52,48,59,44,93,79,103,129,73,187
,,,,,,,,,,,,,,,,,,,,,,,,,,,,,,,,,,,,,,,,,,
West Midlands (Met county)        ,"12,088","12,025",137,104,26,16,13,7,16,4,31,17,64,21,80,43,83,68,128,65,228,117,321,186,407,273,498,337,788,503,"1,013",717,"1,337",956,"1,723","1,333","1,978","1,870","1,850","2,408","1,367","2,980"
Birmingham                        ,"4,408","4,108",70,53,11,9,7,3,4,2,16,11,34,10,26,15,41,27,61,29,90,38,139,78,174,96,201,141,306,180,361,246,451,313,633,444,669,648,639,761,475,"1,004"
Coventry                          ,"1,276","1,397",7,9,4,3,0,2,6,0,5,2,2,5,6,4,8,7,10,4,17,16,34,18,48,32,61,39,81,61,102,82,164,99,151,162,187,200,208,286,175,366
Dudley                            ,"1,558","1,530",8,8,0,1,0,0,0,1,4,1,4,0,9,2,11,3,8,3,28,16,28,18,48,33,55,32,83,64,145,91,183,135,235,160,270,238,262,344,177,380
Sandwell                          ,"1,395","1,419",17,8,3,2,0,1,3,1,0,2,12,3,10,3,6,12,13,7,35,13,34,24,35,33,61,45,92,71,120,85,144,124,226,168,254,216,194,273,136,328
Solihull                          ,922,"1,025",4,6,2,0,2,0,1,0,2,0,2,0,5,5,5,3,6,5,14,8,19,6,29,23,28,23,54,29,63,61,99,87,139,110,145,153,169,212,134,294
Walsall                           ,"1,316","1,314",22,11,3,1,3,0,2,0,4,0,7,3,15,10,6,4,9,11,28,16,26,21,35,31,60,30,95,44,118,78,161,105,177,158,245,212,182,269,118,310
Wolverhampton                     ,"1,213","1,232",9,9,3,0,1,1,0,0,0,1,3,0,9,4,6,12,21,6,16,10,41,21,38,25,32,27,77,54,104,74,135,93,162,131,208,203,196,263,152,298
,,,,,,,,,,,,,,,,,,,,,,,,,,,,,,,,,,,,,,,,,,
Worcestershire                    ,"2,781","2,893",13,16,0,2,1,2,0,3,6,4,12,7,15,4,16,6,12,16,40,17,41,26,66,38,96,70,156,123,250,177,287,199,400,303,489,420,495,578,386,882
Bromsgrove                        ,499,541,4,2,0,0,1,0,0,0,2,1,2,1,1,0,1,1,0,0,13,3,3,3,14,7,18,9,22,20,39,29,45,28,68,50,97,82,90,126,79,179
Malvern Hills                     ,455,496,3,2,0,0,0,0,0,0,0,1,3,1,0,0,2,0,0,1,5,4,8,6,3,8,12,12,25,16,30,31,43,26,60,47,72,63,101,107,88,171
Redditch                          ,315,307,1,4,0,0,0,0,0,0,1,0,2,3,7,1,4,2,2,6,5,4,5,2,13,5,15,14,24,13,40,23,28,17,35,39,57,47,42,51,34,76
Worcester                         ,398,411,4,6,0,0,0,1,0,2,1,0,2,0,3,0,4,1,4,4,10,2,10,4,9,7,15,7,28,28,32,16,46,33,62,41,74,68,55,69,39,122
Wychavon                          ,623,613,0,0,0,1,0,0,0,0,0,1,2,1,4,2,3,1,2,4,4,4,10,6,11,5,21,15,32,18,47,35,70,52,101,71,106,89,117,125,93,183
Wyre Forest                       ,491,525,1,2,0,1,0,1,0,1,2,1,1,1,0,1,2,1,4,1,3,0,5,5,16,6,15,13,25,28,62,43,55,43,74,55,83,71,90,100,53,151
,,,,,,,,,,,,,,,,,,,,,,,,,,,,,,,,,,,,,,,,,,
EAST                              ,"25,743","27,493",142,120,23,21,19,7,16,17,63,46,95,37,128,39,150,79,181,98,318,211,481,337,641,495,892,607,"1,364",898,"2,178","1,464","2,518","1,970","3,473","2,882","4,542","4,386","4,517","5,613","4,002","8,166"
,,,,,,,,,,,,,,,,,,,,,,,,,,,,,,,,,,,,,,,,,,
Bedford                         ,627,687,6,4,0,0,0,0,1,0,3,1,1,1,3,1,5,3,5,2,9,11,18,10,14,10,34,18,36,22,42,33,64,45,77,65,99,102,114,151,96,208
Central Bedfordshire            ,924,978,2,6,0,0,0,0,2,1,2,2,3,2,5,2,3,3,3,4,6,8,22,15,28,23,39,26,56,38,90,56,97,97,137,112,149,156,166,196,114,231
Luton                           ,716,713,8,9,2,1,1,0,2,2,0,2,3,1,3,4,8,0,9,3,12,5,18,9,31,18,39,19,58,40,64,32,85,60,100,93,111,139,87,121,75,155
Peterborough                    ,718,768,7,6,1,1,1,0,0,0,5,1,5,2,4,6,9,3,12,3,19,10,19,15,20,17,32,21,38,42,61,33,69,47,91,84,116,100,114,175,95,202
Southend on Sea                 ,829,942,4,4,0,1,1,0,1,0,3,1,3,1,3,1,6,3,8,3,19,10,18,8,21,19,31,14,56,16,73,43,78,64,106,81,131,152,153,187,114,334
Thurrock                        ,549,606,3,5,2,0,0,0,1,1,2,0,2,2,3,2,2,3,7,4,10,6,10,11,23,14,16,14,36,24,46,44,62,46,78,67,97,82,82,126,67,155
,,,,,,,,,,,,,,,,,,,,,,,,,,,,,,,,,,,,,,,,,,
Cambridgeshire                    ,"2,459","2,542",14,12,2,2,0,0,1,3,5,13,17,3,12,2,13,9,11,15,25,16,45,30,55,53,93,69,127,71,209,147,246,185,346,248,403,399,430,515,405,750
Cambridge                         ,401,426,4,3,1,0,0,0,0,1,0,2,4,0,4,0,3,1,2,4,4,3,11,5,12,5,13,9,23,12,31,26,32,28,34,32,59,65,80,82,84,148
East Cambridgeshire               ,326,371,1,1,0,0,0,0,1,0,1,1,3,0,2,1,3,0,1,4,4,3,5,6,8,13,14,14,15,7,27,19,31,28,41,36,55,59,66,77,48,102
Fenland                           ,519,557,5,4,0,0,0,0,0,0,1,5,4,0,2,0,2,3,1,2,7,2,10,8,15,13,22,14,26,17,43,27,59,45,88,53,91,91,89,117,54,156
Huntingdonshire                   ,634,617,2,1,1,1,0,0,0,2,2,3,4,1,2,0,1,1,4,2,7,5,9,6,14,11,30,17,34,19,58,41,58,52,104,65,99,98,101,132,104,160
South Cambridgeshire              ,579,571,2,3,0,1,0,0,0,0,1,2,2,2,2,1,4,4,3,3,3,3,10,5,6,11,14,15,29,16,50,34,66,32,79,62,99,86,94,107,115,184
,,,,,,,,,,,,,,,,,,,,,,,,,,,,,,,,,,,,,,,,,,
Essex                             ,"6,470","7,124",35,24,3,7,6,2,3,5,15,9,22,10,30,6,33,21,41,19,80,53,121,86,145,122,203,150,350,228,549,391,643,519,869,782,"1,165","1,154","1,151","1,442","1,006","2,094"
Basildon                          ,722,800,3,2,0,1,1,0,0,1,2,3,7,2,6,0,4,4,5,4,8,7,15,12,20,19,22,23,49,29,56,41,58,66,106,101,137,136,125,161,98,188
Braintree                         ,633,698,3,3,0,0,0,1,0,1,3,0,3,2,2,2,4,0,10,2,9,5,9,7,8,10,23,15,37,21,51,36,49,45,81,70,120,103,101,149,120,226
Brentwood                         ,369,407,1,1,0,1,0,0,0,0,0,0,0,1,0,0,1,0,1,0,5,3,6,0,11,4,11,3,21,14,25,21,36,28,38,41,63,60,70,91,80,139
Castle Point                      ,478,498,3,2,0,1,0,0,1,0,0,1,0,0,2,0,3,1,0,2,6,6,9,5,7,5,8,9,22,20,37,29,57,36,80,70,97,92,83,93,63,126
Chelmsford                        ,672,671,4,1,0,1,0,0,0,1,2,1,1,0,3,1,5,3,3,1,10,3,13,3,17,23,15,11,49,15,61,43,73,45,75,54,112,123,137,135,92,207
Colchester                        ,711,816,5,3,2,1,0,0,0,0,3,1,2,2,6,0,4,4,5,1,11,7,13,12,21,14,24,25,41,27,63,53,74,62,107,80,110,122,126,158,94,244
Epping Forest                     ,639,736,4,1,1,0,0,0,0,1,1,1,1,1,3,0,3,2,7,2,8,3,11,13,14,7,28,7,37,14,36,35,65,57,87,76,118,111,106,159,109,246
Harlow                            ,346,388,6,1,0,1,3,0,1,1,1,0,0,1,2,1,3,4,1,1,5,3,15,5,6,8,18,12,19,17,32,10,31,28,50,52,57,79,62,71,34,93
Maldon                            ,289,325,0,2,0,0,1,0,0,0,0,0,1,0,1,0,1,1,2,1,0,2,2,4,5,5,2,7,16,5,28,23,30,16,47,45,47,44,51,60,55,110
Rochford                          ,358,388,1,3,0,0,0,1,0,0,0,0,3,0,0,2,1,0,3,2,4,2,5,1,13,2,11,11,10,8,34,21,38,27,51,50,64,70,66,79,54,109
Tendring                          ,912,"1,041",4,2,0,1,1,0,1,0,2,1,4,1,2,0,2,1,2,2,10,8,17,20,17,20,29,18,37,41,89,58,99,87,106,102,178,166,167,222,145,291
Uttlesford                        ,341,356,1,3,0,0,0,0,0,0,1,1,0,0,3,0,2,1,2,1,4,4,6,4,6,5,12,9,12,17,37,21,33,22,41,41,62,48,57,64,62,115
,,,,,,,,,,,,,,,,,,,,,,,,,,,,,,,,,,,,,,,,,,
Hertfordshire                     ,"4,396","4,766",24,23,5,4,5,4,3,1,11,6,8,3,22,7,20,11,35,15,54,40,80,66,127,81,168,114,221,148,338,242,401,320,573,498,824,766,776,956,701,"1,461"
Broxbourne                        ,346,325,1,2,1,0,0,1,0,0,0,1,0,0,0,0,1,0,1,0,2,4,9,4,8,8,15,15,25,7,29,27,41,28,52,48,74,56,54,49,33,75
Dacorum                           ,534,566,3,1,0,1,2,0,0,0,1,0,1,0,3,0,1,1,9,1,6,5,14,7,14,14,21,19,28,16,38,30,53,30,63,67,103,96,96,111,78,167
East Hertfordshire                ,502,509,1,2,1,0,0,1,0,0,1,0,1,0,4,2,3,0,6,4,6,2,7,4,14,7,22,7,29,18,38,33,50,31,62,62,88,85,74,108,95,143
Hertsmere                         ,447,465,0,2,0,0,1,0,1,0,2,1,0,0,0,0,3,0,2,1,7,2,10,8,14,6,13,8,19,23,29,24,35,27,49,42,85,69,90,102,87,150
North Hertfordshire               ,565,667,4,4,0,0,0,0,1,0,0,0,2,0,3,3,3,1,4,3,7,3,7,15,10,6,12,14,24,17,47,31,39,45,82,67,120,98,91,123,109,237
St Albans                         ,481,565,1,4,0,2,0,2,1,0,3,0,1,2,2,0,3,0,5,2,5,4,7,4,13,8,25,17,20,12,40,16,40,37,56,53,99,86,86,122,74,194
Stevenage                         ,377,372,2,1,1,0,1,0,0,0,0,2,1,1,1,1,1,2,1,0,3,4,3,8,19,8,12,12,15,18,31,23,45,33,47,35,55,60,83,70,56,94
Three Rivers                      ,352,401,1,1,0,0,0,0,0,1,1,1,0,0,3,1,1,1,0,1,6,4,6,8,10,5,10,6,19,8,27,16,27,22,57,49,66,72,57,83,61,122
Watford                           ,331,384,2,3,2,0,1,0,0,0,1,0,1,0,2,0,2,4,4,1,7,7,9,4,9,9,19,4,20,14,30,17,27,40,46,31,54,58,51,77,44,115
Welwyn Hatfield                   ,461,512,9,3,0,1,0,0,0,0,2,1,1,0,4,0,2,2,3,2,5,5,8,4,16,10,19,12,22,15,29,25,44,27,59,44,80,86,94,111,64,164
,,,,,,,,,,,,,,,,,,,,,,,,,,,,,,,,,,,,,,,,,,
Norfolk                           ,"4,538","4,732",21,17,4,2,5,0,1,3,10,6,17,5,28,2,32,13,29,19,53,36,80,54,95,76,132,88,204,152,389,256,427,326,652,473,818,778,823,997,718,"1,429"
Breckland                         ,694,767,3,1,1,0,1,0,0,0,1,1,2,1,4,0,6,1,0,6,4,4,10,7,12,14,17,15,31,19,61,44,68,58,99,74,127,135,131,163,116,224
Broadland                         ,665,688,3,1,0,0,2,0,0,0,1,2,3,1,6,0,4,3,3,3,4,7,10,6,14,5,14,6,21,17,51,33,65,39,90,60,134,123,138,142,102,240
Great Yarmouth                    ,598,579,1,4,0,0,0,0,0,1,0,1,3,0,2,0,2,1,6,1,13,4,19,8,18,11,27,13,29,19,49,32,66,48,89,65,87,100,105,113,82,158
King's Lynn and West Norfolk      ,827,794,5,2,1,0,1,0,0,2,1,1,3,1,7,0,8,2,13,2,11,4,7,8,19,11,20,15,43,36,70,46,68,58,114,94,159,120,142,172,135,220
North Norfolk                     ,648,719,2,0,0,0,0,0,0,0,3,0,0,1,1,0,1,1,1,2,8,3,8,6,11,8,20,12,27,19,63,36,69,52,100,70,122,110,112,144,100,255
Norwich                           ,485,558,4,5,1,2,0,0,1,0,1,1,5,1,6,0,7,4,3,3,8,10,14,13,10,12,21,14,29,24,46,23,38,27,55,52,77,86,90,126,69,155
South Norfolk                     ,621,627,3,4,1,0,1,0,0,0,3,0,1,0,2,2,4,1,3,2,5,4,12,6,11,15,13,13,24,18,49,42,53,44,105,58,112,104,105,137,114,177
,,,,,,,,,,,,,,,,,,,,,,,,,,,,,,,,,,,,,,,,,,
Suffolk                           ,"3,517","3,635",18,10,4,3,0,1,1,1,7,5,14,7,15,6,19,10,21,11,31,16,50,33,82,62,105,74,182,117,317,187,346,261,444,379,629,558,621,747,611,"1,147"
Babergh                           ,426,477,1,1,0,1,0,1,1,1,3,0,2,1,0,1,0,1,1,1,2,2,7,6,5,12,14,7,16,10,43,27,45,27,52,43,87,72,73,98,74,165
Forest Heath                      ,259,263,3,0,0,0,0,0,0,0,0,1,1,1,5,1,1,0,3,0,5,0,4,2,4,8,6,8,14,9,27,16,35,23,28,38,46,35,43,60,34,61
Ipswich                           ,554,569,2,3,2,0,0,0,0,0,0,0,3,1,2,1,5,3,6,2,9,5,9,10,16,9,16,11,39,24,55,29,45,47,68,60,88,77,103,103,86,184
Mid Suffolk                       ,450,425,0,3,0,0,0,0,0,0,1,1,1,0,4,0,3,0,0,1,2,2,2,3,10,10,16,8,21,12,42,19,37,29,59,48,80,52,84,98,88,139
St Edmundsbury                    ,468,487,3,1,1,1,0,0,0,0,0,1,2,0,3,1,3,1,3,3,4,4,6,3,12,5,14,10,24,20,38,34,45,38,60,52,95,77,81,95,74,141
Suffolk Coastal                   ,667,687,2,1,0,0,0,0,0,0,2,1,2,2,1,0,4,1,3,3,3,1,6,5,18,4,18,18,27,20,52,33,69,36,85,66,121,123,124,144,130,229
Waveney                           ,693,727,7,1,1,1,0,0,0,0,1,1,3,2,0,2,3,4,5,1,6,2,16,4,17,14,21,12,41,22,60,29,70,61,92,72,112,122,113,149,125,228
,,,,,,,,,,,,,,,,,,,,,,,,,,,,,,,,,,,,,,,,,,
LONDON                            ,"23,584","23,999",210,183,47,40,27,26,21,17,64,40,115,73,146,84,225,140,280,177,404,260,653,391,848,597,"1,162",677,"1,457",949,"2,025","1,353","2,430","1,851","3,195","2,535","3,879","3,721","3,498","4,532","2,898","6,353"
,,,,,,,,,,,,,,,,,,,,,,,,,,,,,,,,,,,,,,,,,,
INNER LONDON                      ,"7,834","7,228",93,76,18,16,12,8,13,6,32,16,52,40,69,40,92,68,111,66,166,99,281,147,365,235,472,246,543,361,676,440,837,623,"1,060",820,"1,178","1,102",982,"1,253",782,"1,566"
Camden                            ,549,511,4,3,1,1,2,0,0,0,1,1,2,2,5,1,4,7,2,9,8,11,11,12,15,11,21,23,42,31,55,27,62,37,84,52,98,74,69,82,63,127
City of London                    ,17,11,0,0,0,0,0,0,0,0,0,0,0,0,0,0,2,0,0,0,0,0,1,0,0,0,0,0,3,2,2,0,3,2,1,2,1,1,3,2,1,2
Hackney                           ,549,496,12,6,2,2,1,0,1,0,3,2,5,5,3,1,4,4,7,6,15,2,25,15,27,20,34,28,42,27,47,30,48,35,87,73,73,78,70,76,43,86
Hammersmith and Fulham            ,438,408,4,4,0,0,0,0,0,0,2,0,0,1,1,1,2,6,4,3,13,3,12,8,26,13,17,13,25,22,37,23,55,29,60,41,63,60,68,87,49,94
Haringey                          ,632,541,4,5,2,4,2,0,0,0,4,1,3,4,12,6,12,4,12,3,18,10,16,16,22,16,43,16,48,36,62,42,73,58,89,50,85,84,65,95,60,91
Islington                         ,515,488,5,6,1,1,0,1,1,0,2,0,2,4,1,2,6,3,8,6,12,9,19,10,22,20,33,18,34,25,52,26,58,41,68,53,89,93,61,93,41,77
Kensington and Chelsea            ,384,401,2,4,1,1,0,0,1,0,0,1,2,1,2,3,5,1,6,1,4,8,9,5,13,11,21,12,24,18,40,25,38,31,60,44,55,51,45,67,56,117
Lambeth                           ,729,649,7,10,1,1,0,1,0,1,2,6,7,3,9,5,10,7,17,12,22,13,32,11,43,26,61,30,46,43,50,40,78,68,99,69,108,90,77,83,60,130
Lewisham                          ,766,770,9,10,2,1,0,1,2,0,3,0,1,2,8,6,6,8,7,8,14,9,33,19,41,18,49,16,60,29,62,50,78,52,98,92,98,126,111,152,84,171
Newham                            ,708,556,9,6,1,0,2,2,4,3,6,2,4,4,15,7,8,7,15,2,14,7,28,10,36,27,41,17,52,20,53,27,57,46,88,74,116,83,98,101,61,111
Southwark                         ,697,660,12,3,3,0,4,1,1,1,1,2,9,3,6,2,8,8,15,8,11,6,36,12,37,19,45,21,50,29,58,48,80,66,81,75,102,108,77,113,61,135
Tower Hamlets                     ,558,504,12,10,0,0,1,0,3,1,4,0,9,6,3,1,6,5,9,2,11,10,23,8,22,19,39,17,36,31,50,33,64,45,82,64,81,82,56,79,47,91
Wandsworth                        ,720,722,10,7,2,4,0,1,0,0,3,0,3,2,4,2,9,3,3,3,14,7,15,13,36,22,31,19,48,26,62,43,80,64,81,77,121,102,101,131,97,196
Westminster                       ,572,511,3,2,2,1,0,1,0,0,1,1,5,3,0,3,10,5,6,3,10,4,21,8,25,13,37,16,33,22,46,26,63,49,82,54,88,70,81,92,59,138
,,,,,,,,,,,,,,,,,,,,,,,,,,,,,,,,,,,,,,,,,,
OUTER LONDON                      ,"15,750","16,771",117,107,29,24,15,18,8,11,32,24,63,33,77,44,133,72,169,111,238,161,372,244,483,362,690,431,914,588,"1,349",913,"1,593","1,228","2,135","1,715","2,701","2,619","2,516","3,279","2,116","4,787"
Barking and Dagenham              ,605,661,10,3,0,2,0,1,0,1,3,2,6,3,1,1,6,3,10,12,13,14,23,14,18,14,37,18,42,28,57,30,66,42,74,77,102,105,79,134,58,157
Barnet                            ,"1,084","1,265",5,7,3,2,1,4,0,2,3,2,3,1,3,5,8,5,9,10,19,10,13,16,26,25,42,27,54,48,76,57,79,76,129,95,206,172,201,222,204,479
Bexley                            ,933,963,3,3,0,1,0,1,0,0,1,0,2,2,4,1,8,1,5,4,8,8,15,11,34,21,36,19,48,36,75,43,102,84,126,102,178,160,158,205,130,261
Brent                             ,880,732,10,9,4,0,3,1,0,1,1,0,3,0,9,3,11,3,12,5,16,10,22,20,41,24,51,19,45,32,76,35,92,83,126,92,146,122,120,130,92,143
Bromley                           ,"1,214","1,417",3,3,0,3,0,2,0,0,4,3,4,3,4,1,7,6,9,12,12,17,21,15,26,20,41,23,64,34,112,78,105,92,161,123,213,227,239,305,189,450
Croydon                           ,"1,152","1,256",12,11,3,1,1,0,1,1,1,1,4,5,10,6,6,5,22,9,16,10,28,24,40,32,51,39,61,50,104,83,135,87,168,131,181,184,171,243,137,334
Ealing                            ,931,958,7,10,3,0,1,0,0,0,1,1,4,1,1,2,14,8,8,7,22,10,34,16,45,24,36,33,72,35,77,56,105,87,125,118,139,141,135,159,102,250
Enfield                           ,980,"1,024",6,7,2,0,1,3,0,1,2,1,3,1,4,2,12,5,15,3,13,8,26,15,32,18,52,26,59,29,79,61,100,64,128,99,170,172,155,206,121,303
Greenwich                         ,745,845,10,7,0,2,0,1,2,0,2,1,2,2,4,1,8,2,10,4,10,10,25,13,28,15,26,28,54,36,74,53,86,71,89,83,129,116,103,183,83,217
Harrow                            ,740,713,7,3,0,0,0,0,0,0,1,0,3,3,4,1,6,7,11,4,12,10,16,9,17,11,27,22,46,16,54,27,68,68,100,88,134,104,117,136,117,204
Havering                          ,995,"1,198",2,2,1,0,0,0,1,0,1,2,0,0,2,2,3,3,8,3,13,8,21,6,29,16,36,25,50,47,66,63,94,75,155,132,183,216,194,237,136,361
Hillingdon                        ,920,944,4,4,3,2,3,1,0,0,0,3,3,0,4,2,6,3,8,6,12,6,12,10,32,17,44,28,55,28,85,64,79,54,124,97,169,164,128,180,149,275
Hounslow                          ,716,656,10,7,3,1,1,1,0,1,3,2,1,1,6,1,7,6,2,4,7,3,12,12,17,21,40,18,44,27,78,35,91,53,113,69,120,119,89,116,72,159
Kingston upon Thames              ,451,521,3,7,0,1,0,0,0,0,1,2,0,0,3,2,0,2,6,0,10,7,9,6,7,12,14,13,33,18,36,25,68,30,41,50,73,63,83,105,64,178
Merton                            ,592,621,2,7,0,2,1,0,1,0,1,1,2,2,2,1,5,3,5,3,10,6,16,4,15,15,30,14,28,26,58,37,53,45,82,60,108,97,95,131,78,167
Redbridge                         ,839,818,6,3,5,4,0,0,1,2,1,0,4,4,6,5,9,0,8,6,15,6,19,14,26,18,36,17,43,29,59,47,80,57,109,94,127,131,164,147,121,234
Richmond upon Thames              ,511,599,4,5,0,1,1,0,0,0,2,2,6,1,0,2,2,2,4,7,7,4,14,2,6,12,15,15,42,13,46,36,55,43,65,54,80,80,91,125,71,195
Sutton                            ,704,865,3,5,1,1,1,3,1,0,0,1,4,1,4,0,0,4,2,2,12,10,17,15,22,21,35,18,30,31,76,45,63,62,90,84,127,139,109,172,107,251
Waltham Forest                    ,758,715,10,4,1,1,1,0,1,2,4,0,9,3,6,6,15,4,15,10,11,4,29,22,22,26,41,29,44,25,61,38,72,55,130,67,116,107,85,143,85,169
,,,,,,,,,,,,,,,,,,,,,,,,,,,,,,,,,,,,,,,,,,
SOUTH EAST                        ,"37,109","39,862",175,158,33,23,27,21,27,14,54,43,136,62,154,76,199,110,238,160,398,314,637,432,965,676,"1,317",896,"1,933","1,384","3,170","2,074","3,729","2,708","5,093","4,054","6,514","6,169","6,560","8,148","5,750","12,340"
,,,,,,,,,,,,,,,,,,,,,,,,,,,,,,,,,,,,,,,,,,
Bracknell Forest                ,333,335,1,0,0,1,0,1,1,0,0,0,3,0,2,1,1,1,3,2,1,4,5,2,4,13,12,9,24,14,34,20,41,18,51,45,59,53,43,58,48,93
Brighton and Hove               ,972,"1,004",9,4,1,0,0,1,0,0,1,3,1,3,10,4,10,3,9,6,15,10,28,20,25,16,53,28,54,39,87,48,89,55,115,87,156,152,172,205,137,320
Isle of Wight                   ,840,850,3,3,0,0,2,0,1,1,0,0,2,1,5,5,4,1,3,2,14,4,14,7,24,9,28,16,45,23,76,46,80,54,116,71,161,151,135,175,127,281
Medway                          ,"1,064","1,163",8,7,0,0,0,1,2,1,3,1,4,2,8,4,10,4,11,6,25,15,29,20,41,25,58,40,67,55,117,83,100,89,157,146,180,185,153,195,91,284
Milton Keynes                   ,839,848,12,5,3,1,1,1,1,1,2,1,3,3,6,0,8,4,8,2,8,11,20,12,31,19,37,37,62,50,93,55,90,56,117,102,123,122,116,149,98,217
Portsmouth                      ,863,852,6,4,1,2,0,0,0,0,1,0,5,3,4,5,9,2,12,6,11,4,16,7,39,17,31,27,62,34,92,45,102,78,121,105,137,144,114,146,100,223
Reading                         ,504,517,5,7,1,2,1,0,1,0,0,1,3,0,1,4,5,3,8,1,10,6,13,7,19,13,26,18,34,23,36,20,55,44,59,47,65,90,93,90,69,141
Slough                          ,402,353,6,3,2,1,2,1,2,0,2,3,3,0,4,3,7,6,1,2,11,3,7,4,20,10,23,9,27,13,31,22,41,32,58,43,49,66,65,62,41,70
Southampton                     ,923,837,6,3,0,1,0,3,0,0,1,0,2,1,3,2,6,1,9,4,13,8,21,10,31,18,44,19,62,33,92,50,112,65,114,87,148,140,133,149,126,243
West Berkshire                  ,580,567,1,3,1,0,0,0,0,0,1,0,2,1,0,0,8,5,2,2,13,5,13,8,12,11,23,17,39,21,61,29,75,35,83,57,88,96,91,125,67,152
Windsor and Maidenhead          ,592,612,0,5,1,1,0,0,1,0,0,0,3,1,1,0,3,1,5,2,3,8,14,4,16,11,16,9,34,22,48,30,55,39,69,56,106,94,121,127,96,202
Wokingham                       ,554,588,3,5,0,0,0,1,0,0,0,0,0,0,1,0,5,1,3,7,5,6,11,5,10,8,15,15,30,19,48,40,43,42,82,70,103,93,112,106,83,170
,,,,,,,,,,,,,,,,,,,,,,,,,,,,,,,,,,,,,,,,,,
Buckinghamshire                   ,"1,957","2,057",10,9,2,0,2,1,3,0,2,3,6,7,6,4,8,9,11,7,18,17,27,15,45,31,75,33,97,75,137,99,189,131,296,230,337,316,375,431,311,639
Aylesbury Vale                    ,664,705,3,3,1,0,0,0,1,0,0,3,1,5,1,1,5,3,7,2,3,8,9,4,14,13,28,12,39,21,48,32,69,54,103,73,105,114,119,138,108,219
Chiltern                          ,378,386,3,3,0,0,1,0,1,0,0,0,3,1,1,0,2,1,1,1,6,3,2,5,12,4,15,6,19,9,30,24,31,11,49,47,70,56,78,95,54,120
South Bucks                       ,313,328,1,1,0,0,0,0,0,0,1,0,0,1,1,0,0,0,1,1,4,0,5,1,1,7,14,7,16,14,21,20,31,24,47,27,52,41,68,72,50,112
Wycombe                           ,602,638,3,2,1,0,1,1,1,0,1,0,2,0,3,3,1,5,2,3,5,6,11,5,18,7,18,8,23,31,38,23,58,42,97,83,110,105,110,126,99,188
,,,,,,,,,,,,,,,,,,,,,,,,,,,,,,,,,,,,,,,,,,
East Sussex                       ,"2,888","3,281",13,8,4,1,1,1,1,1,7,3,4,2,9,4,10,8,17,13,25,20,29,25,59,44,83,64,132,108,232,147,284,200,389,296,514,519,538,688,537,"1,129"
Eastbourne                        ,568,697,4,4,1,0,1,0,0,0,1,1,1,0,1,2,2,1,4,2,6,4,7,6,9,7,11,15,28,19,52,25,49,29,64,71,87,117,119,136,121,258
Hastings                          ,441,508,3,2,2,0,0,0,0,0,2,0,1,1,0,1,3,2,4,5,7,4,7,7,14,8,21,13,28,22,48,25,52,44,58,53,73,69,59,94,59,158
Lewes                             ,497,506,1,1,1,0,0,0,0,0,0,1,1,1,3,1,0,1,3,2,1,4,5,2,8,6,22,9,23,17,41,21,49,36,67,38,95,78,97,121,80,167
Rother                            ,628,701,1,0,0,1,0,0,1,0,0,0,1,0,1,0,4,2,3,2,5,4,3,2,14,9,15,11,20,22,41,39,68,39,85,63,118,99,115,141,133,267
Wealden                           ,754,869,4,1,0,0,0,1,0,1,4,1,0,0,4,0,1,2,3,2,6,4,7,8,14,14,14,16,33,28,50,37,66,52,115,71,141,156,148,196,144,279
,,,,,,,,,,,,,,,,,,,,,,,,,,,,,,,,,,,,,,,,,,
Hampshire                         ,"5,777","6,182",17,24,3,3,4,3,4,3,13,9,23,9,29,7,26,17,30,21,58,56,80,71,133,95,175,141,285,200,463,352,581,446,824,639,"1,055",953,"1,072","1,266",902,"1,867"
Basingstoke and Deane             ,648,634,2,8,0,0,0,2,1,1,1,2,1,3,1,0,3,3,4,2,9,13,14,8,19,9,24,17,41,29,62,44,67,45,111,67,112,100,95,125,81,156
East Hampshire                    ,519,571,1,4,0,0,0,0,0,0,0,0,4,1,4,0,2,1,4,3,3,4,2,5,13,5,14,14,29,23,40,29,46,41,75,62,101,81,93,116,88,182
Eastleigh                         ,472,512,1,1,0,1,0,0,1,0,1,1,3,0,1,0,1,1,1,0,7,9,11,8,9,10,16,12,25,19,50,33,48,32,71,60,77,75,72,103,77,147
Fareham                           ,536,635,0,2,0,0,2,0,0,0,0,0,1,0,2,1,2,0,2,2,3,4,8,7,12,5,14,15,25,22,40,33,46,50,73,64,117,111,113,123,76,196
Gosport                           ,390,388,2,0,0,0,0,0,0,2,2,1,2,1,2,0,4,3,4,3,7,4,5,4,13,12,18,13,22,7,40,16,38,36,46,43,67,72,62,76,56,95
Hart                              ,352,284,1,1,2,0,0,0,0,0,1,0,0,0,2,1,0,1,0,1,3,3,8,5,3,5,6,8,16,6,32,27,32,20,63,29,54,48,80,51,49,78
Havant                            ,585,670,0,2,0,1,1,0,2,0,2,2,3,0,7,1,1,1,3,2,4,6,10,13,19,9,19,12,33,23,45,41,66,58,70,76,127,110,98,127,75,186
New Forest                        ,961,"1,076",2,1,0,0,0,0,0,0,1,2,1,0,3,2,4,2,4,3,6,6,8,9,12,13,19,18,36,29,59,67,91,65,121,111,174,145,217,245,203,358
Rushmoor                          ,318,311,2,1,0,0,0,0,0,0,2,0,2,0,1,0,5,2,3,0,7,0,2,4,18,6,17,4,12,12,20,10,38,24,44,32,54,59,42,72,49,85
Test Valley                       ,480,529,5,2,0,1,0,0,0,0,1,0,3,2,2,1,2,2,2,2,4,3,5,7,7,12,15,17,26,14,40,27,52,38,75,48,90,72,90,99,61,182
Winchester                        ,516,572,1,2,1,0,1,1,0,0,2,1,3,2,4,1,2,1,3,3,5,4,7,1,8,9,13,11,20,16,35,25,57,37,75,47,82,80,110,129,87,202
,,,,,,,,,,,,,,,,,,,,,,,,,,,,,,,,,,,,,,,,,,
Kent                              ,"6,748","7,266",31,23,4,3,3,2,2,0,9,10,28,13,25,16,34,16,44,35,80,46,118,89,173,135,233,179,366,266,588,407,702,553,976,790,"1,213","1,123","1,151","1,445",968,"2,115"
Ashford                           ,502,585,4,1,1,0,0,0,0,0,1,2,1,0,5,0,4,0,6,3,5,6,8,9,19,10,17,23,27,24,39,38,41,37,62,62,93,85,87,123,82,162
Canterbury                        ,748,814,1,2,0,0,0,0,1,0,3,0,5,2,2,1,3,3,3,0,11,3,11,9,18,11,26,24,34,33,67,43,71,66,95,76,119,120,146,183,132,238
Dartford                          ,395,428,2,2,0,1,1,0,1,0,0,0,0,1,1,0,3,3,6,1,4,4,9,6,15,12,16,6,24,17,37,27,48,29,46,52,62,73,71,81,49,113
Dover                             ,604,627,1,3,0,1,0,0,0,0,1,1,4,3,0,5,2,0,4,0,8,3,5,5,13,16,22,16,36,35,54,31,61,46,99,64,103,109,99,111,92,178
Gravesham                         ,449,445,7,2,0,0,0,0,0,0,0,2,4,0,2,2,2,0,1,1,10,3,12,5,14,12,19,10,22,14,42,22,48,27,62,51,74,64,74,106,56,124
Maidstone                         ,665,766,1,2,1,0,1,0,0,0,3,1,3,1,0,1,2,3,4,3,9,3,13,9,13,13,23,12,33,34,69,42,62,64,88,83,127,120,120,160,93,215
Sevenoaks                         ,475,527,3,2,0,1,1,0,0,0,0,1,3,1,1,1,0,2,4,2,6,2,4,6,10,13,9,10,22,11,37,23,60,38,61,56,94,95,86,89,74,174
Shepway                           ,617,611,3,1,0,0,0,0,0,0,1,0,2,2,1,1,1,1,3,6,9,4,8,10,23,6,21,13,42,16,46,31,56,59,94,73,115,86,106,122,86,180
Swale                             ,647,621,2,5,2,0,0,0,0,0,0,0,4,2,2,4,7,1,6,5,3,5,16,7,21,13,28,18,29,23,58,38,68,48,110,81,134,99,94,112,63,160
Thanet                            ,790,862,7,2,0,0,0,0,0,0,0,0,1,1,5,0,3,0,4,8,11,5,15,10,13,11,28,30,53,28,73,57,93,66,128,90,127,127,109,167,120,260
Tonbridge and Malling             ,436,451,0,0,0,0,0,0,0,0,0,2,0,0,2,1,6,2,2,0,4,6,8,6,7,8,8,6,23,18,33,32,50,42,82,53,80,70,73,85,58,120
Tunbridge Wells                   ,420,529,0,1,0,0,0,2,0,0,0,1,1,0,4,0,1,1,1,6,0,2,9,7,7,10,16,11,21,13,33,23,44,31,49,49,85,75,86,106,63,191
,,,,,,,,,,,,,,,,,,,,,,,,,,,,,,,,,,,,,,,,,,
Oxfordshire                       ,"2,592","2,807",14,8,3,3,7,0,3,4,4,2,13,3,12,4,14,6,13,14,24,23,35,29,65,46,94,42,125,84,205,118,249,185,368,279,488,445,443,596,413,916
Cherwell                          ,630,638,4,1,2,1,2,0,1,2,1,0,5,0,3,2,5,0,5,3,6,8,13,5,9,10,36,6,40,29,39,26,60,40,93,65,114,111,109,135,83,194
Oxford                            ,430,480,2,2,0,1,2,0,0,1,2,2,3,2,4,2,4,4,3,4,7,4,10,7,16,14,12,6,26,6,41,21,45,36,49,38,80,67,51,92,73,171
South Oxfordshire                 ,574,604,6,0,1,0,0,0,1,0,1,0,2,0,2,0,3,0,2,5,5,5,8,2,11,12,22,11,20,15,49,24,56,46,85,64,96,95,105,127,99,198
Vale of White Horse               ,512,520,1,2,0,1,3,0,1,0,0,0,1,1,1,0,1,2,1,1,4,3,3,6,16,3,13,10,27,16,44,25,56,28,76,60,96,88,92,121,76,153
West Oxfordshire                  ,446,565,1,3,0,0,0,0,0,1,0,0,2,0,2,0,1,0,2,1,2,3,1,9,13,7,11,9,12,18,32,22,32,35,65,52,102,84,86,121,82,200
,,,,,,,,,,,,,,,,,,,,,,,,,,,,,,,,,,,,,,,,,,
Surrey                            ,"4,580","5,182",19,16,5,2,3,1,3,2,5,2,17,9,16,7,20,12,26,18,43,44,70,66,106,86,167,98,218,151,362,246,444,324,574,488,808,734,877,"1,142",797,"1,734"
Elmbridge                         ,468,569,2,1,1,0,0,1,2,0,0,0,4,0,1,0,5,2,0,0,3,8,7,9,11,8,15,10,21,16,42,20,30,30,50,47,80,75,86,129,108,213
Epsom and Ewell                   ,300,299,2,1,1,0,0,0,0,1,2,0,2,0,0,0,1,2,2,2,2,5,3,2,8,7,12,2,10,9,30,14,34,23,42,25,37,44,62,68,50,94
Guildford                         ,467,538,2,4,0,1,1,0,0,0,0,1,1,0,1,0,4,1,3,3,3,0,5,9,4,12,19,18,24,13,27,29,42,23,67,51,93,70,91,119,80,184
Mole Valley                       ,409,448,0,0,0,0,0,0,0,0,0,0,1,3,1,1,0,0,4,0,2,2,4,4,10,7,14,7,25,9,34,30,53,32,47,53,72,65,70,90,72,145
Reigate and Banstead              ,619,723,2,1,2,0,0,0,0,0,0,0,0,0,3,0,1,2,3,3,8,3,9,7,12,10,22,11,34,30,43,38,59,55,78,65,112,92,131,174,100,232
Runnymede                         ,299,317,1,0,0,1,1,0,0,1,0,1,0,0,2,1,1,1,0,2,4,5,4,3,12,2,6,7,14,7,21,17,41,22,41,37,46,56,55,63,50,91
Spelthorne                        ,421,442,2,2,0,0,0,0,0,0,1,0,2,0,2,0,1,1,3,5,6,4,7,8,12,9,15,9,20,16,33,18,41,34,45,43,91,71,75,84,65,138
Surrey Heath                      ,341,395,2,1,1,0,0,0,0,0,1,0,3,0,1,0,1,0,2,0,3,3,5,3,8,12,11,5,21,10,27,14,31,25,48,49,68,49,61,94,47,130
Tandridge                         ,365,441,2,1,0,0,0,0,1,0,0,0,1,3,1,2,0,0,1,0,5,5,4,5,10,5,17,8,13,14,31,18,34,23,53,34,64,56,71,97,57,170
Waverley                          ,537,610,1,4,0,0,1,0,0,0,1,0,2,1,1,0,4,3,4,2,1,6,12,9,15,5,18,11,21,13,41,28,46,37,61,51,95,90,106,130,107,220
Woking                            ,354,400,3,1,0,0,0,0,0,0,0,0,1,2,3,3,2,0,4,1,6,3,10,7,4,9,18,10,15,14,33,20,33,20,42,33,50,66,69,94,61,117
,,,,,,,,,,,,,,,,,,,,,,,,,,,,,,,,,,,,,,,,,,
West Sussex                       ,"4,101","4,561",11,21,2,2,1,4,2,1,3,5,14,4,12,6,11,10,23,10,21,24,87,31,112,69,124,95,170,154,368,217,397,262,524,416,724,693,756,993,739,"1,544"
Adur                              ,333,361,0,2,0,0,1,0,1,0,0,0,2,1,0,1,0,0,2,2,1,3,8,1,8,5,9,9,14,7,34,20,29,25,31,39,64,59,68,68,61,119
Arun                              ,959,"1,090",0,3,0,0,0,1,0,0,1,1,4,1,3,2,2,0,11,2,11,6,20,10,22,20,22,13,35,32,78,63,104,64,135,106,158,159,184,241,169,366
Chichester                        ,659,697,3,1,0,0,0,1,1,1,1,0,0,1,0,0,3,0,0,2,2,1,10,1,8,9,20,19,27,19,54,33,75,38,91,68,116,118,117,149,131,236
Crawley                           ,347,350,3,2,1,0,0,1,0,0,0,0,1,0,1,1,2,3,2,0,3,4,8,4,12,7,19,11,24,23,30,17,33,27,42,29,58,59,57,89,51,73
Horsham                           ,603,625,3,4,0,1,0,0,0,0,0,1,1,0,3,0,1,3,3,1,0,5,16,4,21,11,15,15,26,29,54,34,61,38,69,64,104,77,121,116,105,222
Mid Sussex                        ,620,698,1,3,1,0,0,1,0,0,1,1,5,0,3,2,1,2,2,0,2,2,13,7,18,8,21,13,21,19,54,17,48,26,82,54,136,107,97,171,114,265
Worthing                          ,580,740,1,6,0,1,0,0,0,0,0,2,1,1,2,0,2,2,3,3,2,3,12,4,23,9,18,15,23,25,64,33,47,44,74,56,88,114,112,159,108,263
,,,,,,,,,,,,,,,,,,,,,,,,,,,,,,,,,,,,,,,,,,
SOUTH WEST                        ,"25,695","27,273",107,85,20,12,5,9,9,8,52,23,90,46,100,54,117,72,144,101,275,170,463,297,653,399,837,585,"1,313",923,"2,131","1,461","2,622","1,789","3,457","2,633","4,485","4,223","4,609","5,694","4,206","8,689"
,,,,,,,,,,,,,,,,,,,,,,,,,,,,,,,,,,,,,,,,,,
Bath and North East Somerset    ,744,815,1,2,1,0,1,0,0,0,1,1,0,0,4,0,5,1,4,2,7,5,16,7,21,9,27,24,34,20,45,30,59,42,101,67,133,151,145,193,139,261
Bournemouth                     ,930,985,4,1,1,0,0,0,0,0,4,1,6,2,5,3,6,1,8,4,13,8,14,11,17,6,38,14,63,27,70,55,92,69,100,74,153,133,162,219,174,357
Bristol‚ City of                ,"1,567","1,655",11,9,3,2,0,4,2,0,3,2,11,6,11,6,16,10,14,9,29,17,55,17,60,35,72,38,88,61,151,111,154,128,208,162,254,244,224,314,201,480
Cornwall and Isles of Scilly2,"2,881","3,008",10,11,2,1,1,0,1,0,6,0,13,7,16,8,13,10,23,12,38,18,38,28,85,55,83,68,157,124,264,177,315,188,399,283,506,472,489,609,422,937
North Somerset                  ,"1,077","1,104",2,3,0,0,0,0,0,0,2,1,3,1,9,1,6,5,3,5,10,8,21,11,26,16,31,31,55,48,80,65,117,79,162,97,182,151,190,231,178,351
Plymouth                        ,"1,120","1,146",5,7,1,3,0,0,0,0,1,1,5,4,9,2,5,5,12,6,17,8,27,17,44,17,43,26,66,40,100,69,126,90,165,147,185,177,185,220,124,307
Poole                           ,751,853,3,1,0,0,0,0,0,0,0,0,0,0,1,1,4,2,4,1,7,7,9,14,20,12,24,10,40,21,66,41,67,54,89,84,140,148,145,173,132,284
South Gloucestershire           ,"1,006","1,023",10,3,1,0,0,0,1,0,0,0,2,2,1,3,2,0,8,3,14,3,16,12,26,17,36,13,58,29,82,70,102,89,127,121,185,171,193,211,142,276
Swindon                         ,795,821,3,5,1,0,1,2,0,1,3,1,2,1,5,2,7,4,2,6,6,5,15,17,27,13,40,34,49,43,80,41,83,70,117,83,131,130,127,149,96,214
Torbay                          ,842,896,2,5,2,0,1,1,0,1,0,0,1,1,3,1,2,3,0,1,6,3,18,12,22,10,32,15,36,26,72,55,94,53,102,80,128,143,142,172,179,314
Wiltshire                       ,"2,067","2,243",12,6,0,1,1,0,1,1,5,3,8,2,3,7,10,3,10,3,21,18,38,28,48,35,64,49,106,64,180,118,203,149,313,205,353,361,378,464,313,726
,,,,,,,,,,,,,,,,,,,,,,,,,,,,,,,,,,,,,,,,,,
Devon                             ,"4,025","4,352",15,8,2,1,0,1,1,1,7,4,11,6,12,8,18,9,21,18,42,25,69,37,83,47,115,93,179,146,316,220,408,254,543,402,703,649,759,969,721,"1,454"
East Devon                        ,811,"1,002",3,2,1,0,0,0,0,1,1,1,1,4,1,2,6,6,3,3,5,4,10,9,16,3,13,16,28,34,56,40,61,53,93,87,155,157,177,231,181,349
Exeter                            ,499,530,2,1,1,0,0,0,0,0,0,1,2,2,1,2,2,1,4,3,9,5,13,10,15,4,17,14,25,18,40,26,57,34,66,52,88,71,75,114,82,172
Mid Devon                         ,351,358,2,1,0,0,0,0,0,0,1,0,3,0,1,0,1,0,3,2,2,3,4,4,9,7,11,11,17,17,25,18,46,27,53,33,51,54,70,79,52,102
North Devon                       ,533,574,1,1,0,0,0,0,0,0,0,0,1,0,2,0,2,2,0,2,2,3,12,3,12,8,22,8,25,27,55,35,56,38,77,47,90,86,92,122,84,192
South Hams                        ,416,458,2,1,0,0,0,0,0,0,1,0,1,0,2,1,1,0,1,1,1,3,7,2,10,4,12,18,24,15,33,21,27,24,58,50,77,63,82,115,77,140
Teignbridge                       ,702,781,3,1,0,1,0,1,1,0,4,1,2,0,3,2,3,0,2,4,9,2,13,4,9,9,26,19,26,19,56,38,73,40,90,74,122,113,139,171,121,282
Torridge                          ,424,363,2,0,0,0,0,0,0,0,0,0,0,0,1,0,2,0,7,0,9,3,4,5,7,4,10,3,20,10,33,26,52,19,62,42,75,58,70,76,70,117
West Devon                        ,289,286,0,1,0,0,0,0,0,0,0,1,1,0,1,1,1,0,1,3,5,2,6,0,5,8,4,4,14,6,18,16,36,19,44,17,45,47,54,61,54,100
,,,,,,,,,,,,,,,,,,,,,,,,,,,,,,,,,,,,,,,,,,
Dorset                            ,"2,343","2,469",4,3,2,0,0,0,0,2,3,4,6,1,4,1,4,7,11,6,8,10,26,22,29,31,49,39,101,76,180,123,225,159,304,256,425,369,469,544,493,816
Christchurch                      ,342,332,0,0,0,0,0,0,0,0,0,1,0,0,2,0,1,0,0,0,0,3,4,0,2,4,5,6,12,15,22,16,31,17,33,31,73,55,78,78,79,106
East Dorset                       ,490,542,1,0,1,0,0,0,0,0,0,2,0,1,0,0,2,1,4,1,1,2,4,2,2,5,8,6,18,11,40,18,39,33,52,53,94,91,113,130,111,186
North Dorset                      ,336,324,1,1,0,0,0,0,0,0,1,1,1,0,0,1,0,2,0,2,0,0,4,2,7,6,9,5,16,10,20,22,29,22,50,34,65,48,61,68,72,100
Purbeck                           ,236,233,0,0,0,0,0,0,0,1,0,0,1,0,0,0,0,0,1,0,3,4,0,5,4,1,5,8,4,12,24,15,24,19,34,27,38,33,45,47,53,61
West Dorset                       ,555,663,1,2,0,0,0,0,0,0,0,0,2,0,1,0,0,1,2,2,3,0,3,6,7,8,16,11,29,14,39,25,55,44,78,68,98,82,106,147,115,253
Weymouth and Portland             ,384,375,1,0,1,0,0,0,0,1,2,0,2,0,1,0,1,3,4,1,1,1,11,7,7,7,6,3,22,14,35,27,47,24,57,43,57,60,66,74,63,110
,,,,,,,,,,,,,,,,,,,,,,,,,,,,,,,,,,,,,,,,,,
Gloucestershire                   ,"2,808","3,077",10,11,1,3,0,1,0,1,10,4,11,7,9,5,10,8,12,17,29,20,58,31,78,51,107,69,149,105,227,149,278,179,391,309,482,476,490,652,456,979
Cheltenham                        ,501,563,4,3,0,0,0,0,0,0,2,1,2,0,1,1,3,2,3,3,1,2,11,4,16,8,23,8,24,18,37,19,42,34,50,54,83,71,101,131,98,204
Cotswold                          ,428,455,0,0,0,1,0,0,0,1,1,0,1,0,2,1,1,0,1,2,6,2,3,5,9,5,21,6,21,16,33,21,32,17,65,53,82,60,76,104,74,161
Forest of Dean                    ,425,444,1,0,0,0,0,0,0,0,3,1,0,0,2,0,1,0,1,1,4,4,13,4,10,6,7,7,27,15,33,21,54,34,56,45,65,81,76,86,72,139
Gloucester                        ,489,573,3,6,1,0,0,0,0,0,1,1,1,4,2,2,1,3,4,7,5,4,14,5,19,15,27,15,29,28,48,36,52,43,72,58,81,84,70,114,59,148
Stroud                            ,556,627,1,2,0,1,0,1,0,0,3,0,3,2,1,0,1,0,3,3,8,5,11,8,10,11,20,16,24,13,45,30,54,30,83,65,100,117,104,133,85,190
Tewkesbury                        ,409,415,1,0,0,1,0,0,0,0,0,1,4,1,1,1,3,3,0,1,5,3,6,5,14,6,9,17,24,15,31,22,44,21,65,34,71,63,63,84,68,137
,,,,,,,,,,,,,,,,,,,,,,,,,,,,,,,,,,,,,,,,,,
Somerset County                   ,"2,739","2,826",15,10,3,1,0,0,3,1,7,1,11,6,8,6,9,4,12,8,28,15,43,33,67,45,76,62,132,93,218,137,299,186,336,263,525,448,511,574,436,933
Mendip                            ,541,552,1,2,2,0,0,0,0,0,0,1,3,1,3,0,2,0,3,2,8,2,12,11,15,5,9,13,22,17,44,28,46,36,65,52,123,84,98,121,85,177
Sedgemoor                         ,595,589,3,5,0,0,0,0,1,0,2,0,2,0,2,1,2,2,2,1,8,2,11,9,16,13,20,12,34,17,47,25,62,45,88,66,104,109,112,114,79,168
South Somerset                    ,800,854,3,2,0,0,0,0,2,0,3,0,2,2,1,2,1,2,3,3,7,3,12,5,18,17,26,23,41,32,65,46,91,49,95,75,150,126,143,164,137,303
Taunton Deane                     ,595,614,6,1,1,1,0,0,0,1,2,0,3,3,2,2,4,0,4,2,4,6,4,5,15,7,14,11,25,21,48,25,77,38,60,52,117,102,119,121,90,216
West Somerset                     ,208,217,2,0,0,0,0,0,0,0,0,0,1,0,0,1,0,0,0,0,1,2,4,3,3,3,7,3,10,6,14,13,23,18,28,18,31,27,39,54,45,69
,,,,,,,,,,,,,,,,,,,,,,,,,,,,,,,,,,,,,,,,,,
WALES                             ,"15,341","16,098",78,45,8,5,5,5,3,5,28,15,44,25,70,25,75,37,100,49,203,114,285,178,391,319,589,450,939,639,"1,485",995,"1,797","1,298","2,319","1,800","2,539","2,607","2,468","3,181","1,915","4,306"
,,,,,,,,,,,,,,,,,,,,,,,,,,,,,,,,,,,,,,,,,,
Isle of Anglesey                  ,376,404,3,1,0,0,0,0,0,0,0,0,0,1,3,2,5,1,2,1,3,2,3,7,10,8,13,12,28,17,36,24,44,19,60,63,66,60,59,84,41,102
Gwynedd                           ,575,660,4,1,2,0,0,0,0,0,4,2,2,2,0,0,3,0,5,0,5,1,7,6,9,15,24,22,24,18,63,34,78,49,82,65,99,109,86,141,78,195
Conwy                             ,757,762,3,2,0,0,0,0,0,1,0,0,2,1,2,4,2,0,4,3,15,3,16,14,12,13,34,33,49,35,57,33,76,64,104,77,144,109,122,172,115,198
Denbighshire                      ,607,634,3,0,1,0,0,0,0,0,1,1,1,0,1,1,2,0,4,0,6,3,6,4,11,16,15,11,35,27,77,44,62,43,99,69,96,92,95,113,92,210
Flintshire                        ,701,686,4,1,0,0,1,1,0,0,0,0,1,2,0,1,6,2,7,4,16,5,16,8,30,20,29,19,41,17,83,51,71,63,123,79,91,123,93,125,89,165
Wrexham                           ,677,711,4,2,2,1,0,0,1,0,2,1,3,1,3,2,2,4,6,0,10,2,9,11,18,12,27,22,42,38,57,40,87,67,94,77,123,120,112,133,75,178
Powys                             ,707,747,2,1,0,0,0,0,0,0,3,1,3,0,4,3,5,1,4,0,4,3,4,5,9,14,25,21,35,25,71,48,85,56,82,94,131,119,131,141,109,215
Ceredigion                        ,382,364,0,3,0,0,1,0,0,0,3,1,1,0,0,0,0,0,1,0,1,3,5,4,9,7,8,13,26,22,33,22,48,31,54,31,64,39,75,75,53,113
Pembrokeshire                     ,661,665,2,1,0,0,0,0,0,0,1,1,1,0,3,0,4,1,3,1,5,5,9,7,5,14,20,18,39,26,53,35,79,60,117,72,95,103,118,121,107,200
Carmarthenshire                   ,"1,005","1,116",2,1,0,1,0,2,0,0,0,1,0,1,5,1,5,2,7,6,6,6,9,10,26,13,29,23,64,34,81,64,134,71,168,136,168,166,169,252,132,326
Swansea                           ,"1,133","1,267",11,3,0,0,0,0,0,0,3,1,3,2,8,1,6,3,5,3,13,4,20,13,34,19,45,31,63,50,97,73,142,89,146,133,187,215,191,280,159,347
Neath Port Talbot                 ,747,818,2,1,0,0,0,0,0,1,1,1,1,0,3,1,2,1,4,3,12,7,16,16,21,23,17,26,46,33,74,51,99,76,116,80,125,135,126,152,82,211
Bridgend                          ,779,734,4,1,0,1,0,0,1,0,0,0,6,1,7,0,1,1,5,6,17,8,15,3,22,19,37,18,48,27,101,46,86,57,113,78,112,126,124,151,80,191
Vale of Glamorgan                 ,611,610,3,0,0,0,1,1,0,1,0,1,2,2,0,0,5,2,5,1,6,4,14,5,21,10,16,17,30,32,54,41,69,51,92,61,97,89,116,124,80,168
Cardiff                           ,"1,328","1,399",15,8,1,1,0,1,1,1,4,1,3,3,9,2,6,6,13,6,23,10,38,18,38,27,73,33,87,63,111,95,132,111,171,153,218,213,215,284,170,363
Rhondda‚ Cynon‚ Taff              ,"1,240","1,260",5,6,0,0,1,0,0,1,1,1,6,2,6,4,6,6,13,5,17,21,31,16,29,22,54,32,85,45,140,81,168,102,198,138,186,224,183,248,111,306
Merthyr Tydfil                    ,289,315,2,3,0,1,0,0,0,0,0,0,1,0,5,1,4,1,2,1,5,2,8,1,21,5,13,12,22,18,34,23,32,23,43,37,47,51,28,59,22,77
Caerphilly                        ,851,885,0,3,0,0,0,0,0,0,4,0,4,3,2,0,6,1,6,2,14,10,21,6,20,19,32,22,57,53,94,63,104,96,133,110,163,142,104,162,87,193
Blaenau Gwent                     ,382,396,2,0,1,0,1,0,0,0,0,0,1,1,1,0,2,1,0,2,4,6,10,5,12,9,14,15,25,9,38,24,38,42,71,53,65,79,57,65,40,85
Torfaen                           ,448,477,2,2,1,0,0,0,0,0,1,1,2,2,3,0,2,1,3,2,6,0,9,5,11,9,20,16,31,18,38,42,49,27,72,54,74,85,70,92,54,121
Monmouthshire                     ,411,495,2,2,0,0,0,0,0,0,0,0,0,0,2,0,0,0,0,3,6,6,7,6,5,9,17,15,23,17,35,21,43,39,68,55,74,81,80,82,49,159
Newport                           ,674,693,3,3,0,0,0,0,0,0,0,1,1,1,3,2,1,3,1,0,9,3,12,8,18,16,27,19,39,15,58,40,71,62,113,85,114,127,114,125,90,183
,,,,,,,,,,,,,,,,,,,,,,,,,,,,,,,,,,,,,,,,,,
Usual residence outside England and Wales,685,425,11,7,7,3,6,4,3,2,11,1,13,5,23,8,20,5,19,5,20,14,39,20,50,24,58,37,74,50,90,54,74,52,68,43,56,41,28,29,15,21
,,,,,,,,,,,,,,,,,,,,,,,,,,,,,,,,,,,,,,,,,,
,,,,,,,,,,,,,,,,,,,,,,,,,,,,,,,,,,,,,,,,,,
"1  The deaths of those whose usual residence is outside England and Wales are included in total figures for England and Wales, but excluded from any sub-division of England and Wales.",,,,,,,,,,,,,,,,,,,,,,,,,,,,,,,,,,,,,,,,,,
"2  The Isles of Scilly were recoded on 1 April 2009. They are separately administered by an Isles of Scilly council and do not form part of Cornwall but, for the purposes of the presentation of",,,,,,,,,,,,,,,,,,,,,,,,,,,,,,,,,,,,,,,,,,
"   statistical data, they have been combined with Cornwall.",,,,,,,,,,,,,,,,,,,,,,,,,,,,,,,,,,,,,,,,,,
,,,,,,,,,,,,,,,,,,,,,,,,,,,,,,,,,,,,,,,,,,
Source: Office for National Statistics,,,,,Released: ,"Wednesday, January 27, 2016",,,,,,,,,,,,,,,,,,,,,,,,,,,,,,,,,,,,